1,1,subject_1,teacher_1_1_1,25
2,1,subject_2,teacher_1_2_1,25
3,1,subject_3,teacher_1_3_1,25
4,1,subject_4,teacher_1_4_1,25
5,1,subject_5,teacher_1_5_1,25
6,2,subject_1,teacher_1_1_1,25
7,2,subject_2,teacher_1_2_1,25
8,2,subject_3,teacher_1_3_1,25
9,2,subject_4,teacher_1_4_1,25
10,2,subject_5,teacher_1_5_1,25
11,3,subject_1,teacher_1_1_1,25
12,3,subject_2,teacher_1_2_1,25
13,3,subject_3,teacher_1_3_1,25
14,3,subject_4,teacher_1_4_1,25
15,3,subject_5,teacher_1_5_1,25
16,1,subject_1,teacher_2_1_1,25
17,1,subject_2,teacher_2_2_1,25
18,1,subject_3,teacher_2_3_1,25
19,1,subject_4,teacher_2_4_1,25
20,1,subject_5,teacher_2_5_1,25
21,2,subject_1,teacher_2_1_1,25
22,2,subject_2,teacher_2_2_1,25
23,2,subject_3,teacher_2_3_1,25
24,2,subject_4,teacher_2_4_1,25
25,2,subject_5,teacher_2_5_1,25
26,3,subject_1,teacher_2_1_1,25
27,3,subject_2,teacher_2_2_1,25
28,3,subject_3,teacher_2_3_1,25
29,3,subject_4,teacher_2_4_1,25
30,3,subject_5,teacher_2_5_1,25
31,1,subject_1,teacher_3_1_1,25
32,1,subject_2,teacher_3_2_1,25
33,1,subject_3,teacher_3_3_1,25
34,1,subject_4,teacher_3_4_1,25
35,1,subject_5,teacher_3_5_1,25
36,2,subject_1,teacher_3_1_1,25
37,2,subject_2,teacher_3_2_1,25
38,2,subject_3,teacher_3_3_1,25
39,2,subject_4,teacher_3_4_1,25
40,2,subject_5,teacher_3_5_1,25
41,3,subject_1,teacher_3_1_1,25
42,3,subject_2,teacher_3_2_1,25
43,3,subject_3,teacher_3_3_1,25
44,3,subject_4,teacher_3_4_1,25
45,3,subject_5,teacher_3_5_1,25
46,3,subject_1,teacher_1_1_2,26
47,3,subject_2,teacher_1_2_2,26
48,3,subject_3,teacher_1_3_2,26
49,3,subject_4,teacher_1_4_2,26
50,3,subject_5,teacher_1_5_2,26
51,4,subject_1,teacher_1_1_2,26
52,4,subject_2,teacher_1_2_2,26
53,4,subject_3,teacher_1_3_2,26
54,4,subject_4,teacher_1_4_2,26
55,4,subject_5,teacher_1_5_2,26
56,5,subject_1,teacher_1_1_2,26
57,5,subject_2,teacher_1_2_2,26
58,5,subject_3,teacher_1_3_2,26
59,5,subject_4,teacher_1_4_2,26
60,5,subject_5,teacher_1_5_2,26
61,3,subject_1,teacher_2_1_2,26
62,3,subject_2,teacher_2_2_2,26
63,3,subject_3,teacher_2_3_2,26
64,3,subject_4,teacher_2_4_2,26
65,3,subject_5,teacher_2_5_2,26
66,4,subject_1,teacher_2_1_2,26
67,4,subject_2,teacher_2_2_2,26
68,4,subject_3,teacher_2_3_2,26
69,4,subject_4,teacher_2_4_2,26
70,4,subject_5,teacher_2_5_2,26
71,5,subject_1,teacher_2_1_2,26
72,5,subject_2,teacher_2_2_2,26
73,5,subject_3,teacher_2_3_2,26
74,5,subject_4,teacher_2_4_2,26
75,5,subject_5,teacher_2_5_2,26
76,3,subject_1,teacher_3_1_2,26
77,3,subject_2,teacher_3_2_2,26
78,3,subject_3,teacher_3_3_2,26
79,3,subject_4,teacher_3_4_2,26
80,3,subject_5,teacher_3_5_2,26
81,4,subject_1,teacher_3_1_2,26
82,4,subject_2,teacher_3_2_2,26
83,4,subject_3,teacher_3_3_2,26
84,4,subject_4,teacher_3_4_2,26
85,4,subject_5,teacher_3_5_2,26
86,5,subject_1,teacher_3_1_2,26
87,5,subject_2,teacher_3_2_2,26
88,5,subject_3,teacher_3_3_2,26
89,5,subject_4,teacher_3_4_2,26
90,5,subject_5,teacher_3_5_2,26
91,6,subject_1,teacher_1_1_3,24
92,6,subject_2,teacher_1_2_3,24
93,6,subject_3,teacher_1_3_3,24
94,6,subject_4,teacher_1_4_3,24
95,6,subject_5,teacher_1_5_3,24
96,7,subject_1,teacher_1_1_3,24
97,7,subject_2,teacher_1_2_3,24
98,7,subject_3,teacher_1_3_3,24
99,7,subject_4,teacher_1_4_3,24
100,7,subject_5,teacher_1_5_3,24
101,8,subject_1,teacher_1_1_3,24
102,8,subject_2,teacher_1_2_3,24
103,8,subject_3,teacher_1_3_3,24
104,8,subject_4,teacher_1_4_3,24
105,8,subject_5,teacher_1_5_3,24
106,9,subject_1,teacher_1_1_3,24
107,9,subject_2,teacher_1_2_3,24
108,9,subject_3,teacher_1_3_3,24
109,9,subject_4,teacher_1_4_3,24
110,9,subject_5,teacher_1_5_3,24
111,6,subject_1,teacher_2_1_3,24
112,6,subject_2,teacher_2_2_3,24
113,6,subject_3,teacher_2_3_3,24
114,6,subject_4,teacher_2_4_3,24
115,6,subject_5,teacher_2_5_3,24
116,7,subject_1,teacher_2_1_3,24
117,7,subject_2,teacher_2_2_3,24
118,7,subject_3,teacher_2_3_3,24
119,7,subject_4,teacher_2_4_3,24
120,7,subject_5,teacher_2_5_3,24
121,8,subject_1,teacher_2_1_3,24
122,8,subject_2,teacher_2_2_3,24
123,8,subject_3,teacher_2_3_3,24
124,8,subject_4,teacher_2_4_3,24
125,8,subject_5,teacher_2_5_3,24
126,9,subject_1,teacher_2_1_3,24
127,9,subject_2,teacher_2_2_3,24
128,9,subject_3,teacher_2_3_3,24
129,9,subject_4,teacher_2_4_3,24
130,9,subject_5,teacher_2_5_3,24
131,6,subject_1,teacher_3_1_3,24
132,6,subject_2,teacher_3_2_3,24
133,6,subject_3,teacher_3_3_3,24
134,6,subject_4,teacher_3_4_3,24
135,6,subject_5,teacher_3_5_3,24
136,7,subject_1,teacher_3_1_3,24
137,7,subject_2,teacher_3_2_3,24
138,7,subject_3,teacher_3_3_3,24
139,7,subject_4,teacher_3_4_3,24
140,7,subject_5,teacher_3_5_3,24
141,8,subject_1,teacher_3_1_3,24
142,8,subject_2,teacher_3_2_3,24
143,8,subject_3,teacher_3_3_3,24
144,8,subject_4,teacher_3_4_3,24
145,8,subject_5,teacher_3_5_3,24
146,9,subject_1,teacher_3_1_3,24
147,9,subject_2,teacher_3_2_3,24
148,9,subject_3,teacher_3_3_3,24
149,9,subject_4,teacher_3_4_3,24
150,1,subject_1,teacher_1_1_1,25
151,1,subject_2,teacher_1_2_1,25
152,1,subject_3,teacher_1_3_1,25
153,1,subject_4,teacher_1_4_1,25
154,1,subject_5,teacher_1_5_1,25
155,2,subject_1,teacher_1_1_1,25
156,2,subject_2,teacher_1_2_1,25
157,2,subject_3,teacher_1_3_1,25
158,2,subject_4,teacher_1_4_1,25
159,2,subject_5,teacher_1_5_1,25
160,3,subject_1,teacher_1_1_1,25
161,3,subject_2,teacher_1_2_1,25
162,3,subject_3,teacher_1_3_1,25
163,3,subject_4,teacher_1_4_1,25
164,3,subject_5,teacher_1_5_1,25
165,1,subject_1,teacher_2_1_1,25
166,1,subject_2,teacher_2_2_1,25
167,1,subject_3,teacher_2_3_1,25
168,1,subject_4,teacher_2_4_1,25
169,1,subject_5,teacher_2_5_1,25
170,2,subject_1,teacher_2_1_1,25
171,2,subject_2,teacher_2_2_1,25
172,2,subject_3,teacher_2_3_1,25
173,2,subject_4,teacher_2_4_1,25
174,2,subject_5,teacher_2_5_1,25
175,3,subject_1,teacher_2_1_1,25
176,3,subject_2,teacher_2_2_1,25
177,3,subject_3,teacher_2_3_1,25
178,3,subject_4,teacher_2_4_1,25
179,3,subject_5,teacher_2_5_1,25
180,1,subject_1,teacher_3_1_1,25
181,1,subject_2,teacher_3_2_1,25
182,1,subject_3,teacher_3_3_1,25
183,1,subject_4,teacher_3_4_1,25
184,1,subject_5,teacher_3_5_1,25
185,2,subject_1,teacher_3_1_1,25
186,2,subject_2,teacher_3_2_1,25
187,2,subject_3,teacher_3_3_1,25
188,2,subject_4,teacher_3_4_1,25
189,2,subject_5,teacher_3_5_1,25
190,3,subject_1,teacher_3_1_1,25
191,3,subject_2,teacher_3_2_1,25
192,3,subject_3,teacher_3_3_1,25
193,3,subject_4,teacher_3_4_1,25
194,3,subject_5,teacher_3_5_1,25
195,3,subject_1,teacher_1_1_2,26
196,3,subject_2,teacher_1_2_2,26
197,3,subject_3,teacher_1_3_2,26
198,3,subject_4,teacher_1_4_2,26
199,3,subject_5,teacher_1_5_2,26
200,4,subject_1,teacher_1_1_2,26
201,4,subject_2,teacher_1_2_2,26
202,4,subject_3,teacher_1_3_2,26
203,4,subject_4,teacher_1_4_2,26
204,4,subject_5,teacher_1_5_2,26
205,5,subject_1,teacher_1_1_2,26
206,5,subject_2,teacher_1_2_2,26
207,5,subject_3,teacher_1_3_2,26
208,5,subject_4,teacher_1_4_2,26
209,5,subject_5,teacher_1_5_2,26
210,3,subject_1,teacher_2_1_2,26
211,3,subject_2,teacher_2_2_2,26
212,3,subject_3,teacher_2_3_2,26
213,3,subject_4,teacher_2_4_2,26
214,3,subject_5,teacher_2_5_2,26
215,4,subject_1,teacher_2_1_2,26
216,4,subject_2,teacher_2_2_2,26
217,4,subject_3,teacher_2_3_2,26
218,4,subject_4,teacher_2_4_2,26
219,4,subject_5,teacher_2_5_2,26
220,5,subject_1,teacher_2_1_2,26
221,5,subject_2,teacher_2_2_2,26
222,5,subject_3,teacher_2_3_2,26
223,5,subject_4,teacher_2_4_2,26
224,5,subject_5,teacher_2_5_2,26
225,3,subject_1,teacher_3_1_2,26
226,3,subject_2,teacher_3_2_2,26
227,3,subject_3,teacher_3_3_2,26
228,3,subject_4,teacher_3_4_2,26
229,3,subject_5,teacher_3_5_2,26
230,4,subject_1,teacher_3_1_2,26
231,4,subject_2,teacher_3_2_2,26
232,4,subject_3,teacher_3_3_2,26
233,4,subject_4,teacher_3_4_2,26
234,4,subject_5,teacher_3_5_2,26
235,5,subject_1,teacher_3_1_2,26
236,5,subject_2,teacher_3_2_2,26
237,5,subject_3,teacher_3_3_2,26
238,5,subject_4,teacher_3_4_2,26
239,5,subject_5,teacher_3_5_2,26
240,6,subject_1,teacher_1_1_3,24
241,6,subject_2,teacher_1_2_3,24
242,6,subject_3,teacher_1_3_3,24
243,6,subject_4,teacher_1_4_3,24
244,6,subject_5,teacher_1_5_3,24
245,7,subject_1,teacher_1_1_3,24
246,7,subject_2,teacher_1_2_3,24
247,7,subject_3,teacher_1_3_3,24
248,7,subject_4,teacher_1_4_3,24
249,7,subject_5,teacher_1_5_3,24
250,8,subject_1,teacher_1_1_3,24
251,8,subject_2,teacher_1_2_3,24
252,8,subject_3,teacher_1_3_3,24
253,8,subject_4,teacher_1_4_3,24
254,8,subject_5,teacher_1_5_3,24
255,9,subject_1,teacher_1_1_3,24
256,9,subject_2,teacher_1_2_3,24
257,9,subject_3,teacher_1_3_3,24
258,9,subject_4,teacher_1_4_3,24
259,9,subject_5,teacher_1_5_3,24
260,6,subject_1,teacher_2_1_3,24
261,6,subject_2,teacher_2_2_3,24
262,6,subject_3,teacher_2_3_3,24
263,6,subject_4,teacher_2_4_3,24
264,6,subject_5,teacher_2_5_3,24
265,7,subject_1,teacher_2_1_3,24
266,7,subject_2,teacher_2_2_3,24
267,7,subject_3,teacher_2_3_3,24
268,7,subject_4,teacher_2_4_3,24
269,7,subject_5,teacher_2_5_3,24
270,8,subject_1,teacher_2_1_3,24
271,8,subject_2,teacher_2_2_3,24
272,8,subject_3,teacher_2_3_3,24
273,8,subject_4,teacher_2_4_3,24
274,8,subject_5,teacher_2_5_3,24
275,9,subject_1,teacher_2_1_3,24
276,9,subject_2,teacher_2_2_3,24
277,9,subject_3,teacher_2_3_3,24
278,9,subject_4,teacher_2_4_3,24
279,9,subject_5,teacher_2_5_3,24
280,6,subject_1,teacher_3_1_3,24
281,6,subject_2,teacher_3_2_3,24
282,6,subject_3,teacher_3_3_3,24
283,6,subject_4,teacher_3_4_3,24
284,6,subject_5,teacher_3_5_3,24
285,7,subject_1,teacher_3_1_3,24
286,7,subject_2,teacher_3_2_3,24
287,7,subject_3,teacher_3_3_3,24
288,7,subject_4,teacher_3_4_3,24
289,7,subject_5,teacher_3_5_3,24
290,8,subject_1,teacher_3_1_3,24
291,8,subject_2,teacher_3_2_3,24
292,8,subject_3,teacher_3_3_3,24
293,8,subject_4,teacher_3_4_3,24
294,8,subject_5,teacher_3_5_3,24
295,9,subject_1,teacher_3_1_3,24
296,9,subject_2,teacher_3_2_3,24
297,9,subject_3,teacher_3_3_3,24
298,9,subject_4,teacher_3_4_3,24
299,1,subject_1,teacher_1_1_1,25
300,1,subject_2,teacher_1_2_1,25
301,1,subject_3,teacher_1_3_1,25
302,1,subject_4,teacher_1_4_1,25
303,1,subject_5,teacher_1_5_1,25
304,2,subject_1,teacher_1_1_1,25
305,2,subject_2,teacher_1_2_1,25
306,2,subject_3,teacher_1_3_1,25
307,2,subject_4,teacher_1_4_1,25
308,2,subject_5,teacher_1_5_1,25
309,3,subject_1,teacher_1_1_1,25
310,3,subject_2,teacher_1_2_1,25
311,3,subject_3,teacher_1_3_1,25
312,3,subject_4,teacher_1_4_1,25
313,3,subject_5,teacher_1_5_1,25
314,1,subject_1,teacher_2_1_1,25
315,1,subject_2,teacher_2_2_1,25
316,1,subject_3,teacher_2_3_1,25
317,1,subject_4,teacher_2_4_1,25
318,1,subject_5,teacher_2_5_1,25
319,2,subject_1,teacher_2_1_1,25
320,2,subject_2,teacher_2_2_1,25
321,2,subject_3,teacher_2_3_1,25
322,2,subject_4,teacher_2_4_1,25
323,2,subject_5,teacher_2_5_1,25
324,3,subject_1,teacher_2_1_1,25
325,3,subject_2,teacher_2_2_1,25
326,3,subject_3,teacher_2_3_1,25
327,3,subject_4,teacher_2_4_1,25
328,3,subject_5,teacher_2_5_1,25
329,1,subject_1,teacher_3_1_1,25
330,1,subject_2,teacher_3_2_1,25
331,1,subject_3,teacher_3_3_1,25
332,1,subject_4,teacher_3_4_1,25
333,1,subject_5,teacher_3_5_1,25
334,2,subject_1,teacher_3_1_1,25
335,2,subject_2,teacher_3_2_1,25
336,2,subject_3,teacher_3_3_1,25
337,2,subject_4,teacher_3_4_1,25
338,2,subject_5,teacher_3_5_1,25
339,3,subject_1,teacher_3_1_1,25
340,3,subject_2,teacher_3_2_1,25
341,3,subject_3,teacher_3_3_1,25
342,3,subject_4,teacher_3_4_1,25
343,3,subject_5,teacher_3_5_1,25
344,3,subject_1,teacher_1_1_2,26
345,3,subject_2,teacher_1_2_2,26
346,3,subject_3,teacher_1_3_2,26
347,3,subject_4,teacher_1_4_2,26
348,3,subject_5,teacher_1_5_2,26
349,4,subject_1,teacher_1_1_2,26
350,4,subject_2,teacher_1_2_2,26
351,4,subject_3,teacher_1_3_2,26
352,4,subject_4,teacher_1_4_2,26
353,4,subject_5,teacher_1_5_2,26
354,5,subject_1,teacher_1_1_2,26
355,5,subject_2,teacher_1_2_2,26
356,5,subject_3,teacher_1_3_2,26
357,5,subject_4,teacher_1_4_2,26
358,5,subject_5,teacher_1_5_2,26
359,3,subject_1,teacher_2_1_2,26
360,3,subject_2,teacher_2_2_2,26
361,3,subject_3,teacher_2_3_2,26
362,3,subject_4,teacher_2_4_2,26
363,3,subject_5,teacher_2_5_2,26
364,4,subject_1,teacher_2_1_2,26
365,4,subject_2,teacher_2_2_2,26
366,4,subject_3,teacher_2_3_2,26
367,4,subject_4,teacher_2_4_2,26
368,4,subject_5,teacher_2_5_2,26
369,5,subject_1,teacher_2_1_2,26
370,5,subject_2,teacher_2_2_2,26
371,5,subject_3,teacher_2_3_2,26
372,5,subject_4,teacher_2_4_2,26
373,5,subject_5,teacher_2_5_2,26
374,3,subject_1,teacher_3_1_2,26
375,3,subject_2,teacher_3_2_2,26
376,3,subject_3,teacher_3_3_2,26
377,3,subject_4,teacher_3_4_2,26
378,3,subject_5,teacher_3_5_2,26
379,4,subject_1,teacher_3_1_2,26
380,4,subject_2,teacher_3_2_2,26
381,4,subject_3,teacher_3_3_2,26
382,4,subject_4,teacher_3_4_2,26
383,4,subject_5,teacher_3_5_2,26
384,5,subject_1,teacher_3_1_2,26
385,5,subject_2,teacher_3_2_2,26
386,5,subject_3,teacher_3_3_2,26
387,5,subject_4,teacher_3_4_2,26
388,5,subject_5,teacher_3_5_2,26
389,6,subject_1,teacher_1_1_3,24
390,6,subject_2,teacher_1_2_3,24
391,6,subject_3,teacher_1_3_3,24
392,6,subject_4,teacher_1_4_3,24
393,6,subject_5,teacher_1_5_3,24
394,7,subject_1,teacher_1_1_3,24
395,7,subject_2,teacher_1_2_3,24
396,7,subject_3,teacher_1_3_3,24
397,7,subject_4,teacher_1_4_3,24
398,7,subject_5,teacher_1_5_3,24
399,8,subject_1,teacher_1_1_3,24
400,8,subject_2,teacher_1_2_3,24
401,8,subject_3,teacher_1_3_3,24
402,8,subject_4,teacher_1_4_3,24
403,8,subject_5,teacher_1_5_3,24
404,9,subject_1,teacher_1_1_3,24
405,9,subject_2,teacher_1_2_3,24
406,9,subject_3,teacher_1_3_3,24
407,9,subject_4,teacher_1_4_3,24
408,9,subject_5,teacher_1_5_3,24
409,6,subject_1,teacher_2_1_3,24
410,6,subject_2,teacher_2_2_3,24
411,6,subject_3,teacher_2_3_3,24
412,6,subject_4,teacher_2_4_3,24
413,6,subject_5,teacher_2_5_3,24
414,7,subject_1,teacher_2_1_3,24
415,7,subject_2,teacher_2_2_3,24
416,7,subject_3,teacher_2_3_3,24
417,7,subject_4,teacher_2_4_3,24
418,7,subject_5,teacher_2_5_3,24
419,8,subject_1,teacher_2_1_3,24
420,8,subject_2,teacher_2_2_3,24
421,8,subject_3,teacher_2_3_3,24
422,8,subject_4,teacher_2_4_3,24
423,8,subject_5,teacher_2_5_3,24
424,9,subject_1,teacher_2_1_3,24
425,9,subject_2,teacher_2_2_3,24
426,9,subject_3,teacher_2_3_3,24
427,9,subject_4,teacher_2_4_3,24
428,9,subject_5,teacher_2_5_3,24
429,6,subject_1,teacher_3_1_3,24
430,6,subject_2,teacher_3_2_3,24
431,6,subject_3,teacher_3_3_3,24
432,6,subject_4,teacher_3_4_3,24
433,6,subject_5,teacher_3_5_3,24
434,7,subject_1,teacher_3_1_3,24
435,7,subject_2,teacher_3_2_3,24
436,7,subject_3,teacher_3_3_3,24
437,7,subject_4,teacher_3_4_3,24
438,7,subject_5,teacher_3_5_3,24
439,8,subject_1,teacher_3_1_3,24
440,8,subject_2,teacher_3_2_3,24
441,8,subject_3,teacher_3_3_3,24
442,8,subject_4,teacher_3_4_3,24
443,8,subject_5,teacher_3_5_3,24
444,9,subject_1,teacher_3_1_3,24
445,9,subject_2,teacher_3_2_3,24
446,9,subject_3,teacher_3_3_3,24
447,9,subject_4,teacher_3_4_3,24
448,1,subject_1,teacher_1_1_1,25
449,1,subject_2,teacher_1_2_1,25
450,1,subject_3,teacher_1_3_1,25
451,1,subject_4,teacher_1_4_1,25
452,1,subject_5,teacher_1_5_1,25
453,2,subject_1,teacher_1_1_1,25
454,2,subject_2,teacher_1_2_1,25
455,2,subject_3,teacher_1_3_1,25
456,2,subject_4,teacher_1_4_1,25
457,2,subject_5,teacher_1_5_1,25
458,3,subject_1,teacher_1_1_1,25
459,3,subject_2,teacher_1_2_1,25
460,3,subject_3,teacher_1_3_1,25
461,3,subject_4,teacher_1_4_1,25
462,3,subject_5,teacher_1_5_1,25
463,1,subject_1,teacher_2_1_1,25
464,1,subject_2,teacher_2_2_1,25
465,1,subject_3,teacher_2_3_1,25
466,1,subject_4,teacher_2_4_1,25
467,1,subject_5,teacher_2_5_1,25
468,2,subject_1,teacher_2_1_1,25
469,2,subject_2,teacher_2_2_1,25
470,2,subject_3,teacher_2_3_1,25
471,2,subject_4,teacher_2_4_1,25
472,2,subject_5,teacher_2_5_1,25
473,3,subject_1,teacher_2_1_1,25
474,3,subject_2,teacher_2_2_1,25
475,3,subject_3,teacher_2_3_1,25
476,3,subject_4,teacher_2_4_1,25
477,3,subject_5,teacher_2_5_1,25
478,1,subject_1,teacher_3_1_1,25
479,1,subject_2,teacher_3_2_1,25
480,1,subject_3,teacher_3_3_1,25
481,1,subject_4,teacher_3_4_1,25
482,1,subject_5,teacher_3_5_1,25
483,2,subject_1,teacher_3_1_1,25
484,2,subject_2,teacher_3_2_1,25
485,2,subject_3,teacher_3_3_1,25
486,2,subject_4,teacher_3_4_1,25
487,2,subject_5,teacher_3_5_1,25
488,3,subject_1,teacher_3_1_1,25
489,3,subject_2,teacher_3_2_1,25
490,3,subject_3,teacher_3_3_1,25
491,3,subject_4,teacher_3_4_1,25
492,3,subject_5,teacher_3_5_1,25
493,3,subject_1,teacher_1_1_2,26
494,3,subject_2,teacher_1_2_2,26
495,3,subject_3,teacher_1_3_2,26
496,3,subject_4,teacher_1_4_2,26
497,3,subject_5,teacher_1_5_2,26
498,4,subject_1,teacher_1_1_2,26
499,4,subject_2,teacher_1_2_2,26
500,4,subject_3,teacher_1_3_2,26
501,4,subject_4,teacher_1_4_2,26
502,4,subject_5,teacher_1_5_2,26
503,5,subject_1,teacher_1_1_2,26
504,5,subject_2,teacher_1_2_2,26
505,5,subject_3,teacher_1_3_2,26
506,5,subject_4,teacher_1_4_2,26
507,5,subject_5,teacher_1_5_2,26
508,3,subject_1,teacher_2_1_2,26
509,3,subject_2,teacher_2_2_2,26
510,3,subject_3,teacher_2_3_2,26
511,3,subject_4,teacher_2_4_2,26
512,3,subject_5,teacher_2_5_2,26
513,4,subject_1,teacher_2_1_2,26
514,4,subject_2,teacher_2_2_2,26
515,4,subject_3,teacher_2_3_2,26
516,4,subject_4,teacher_2_4_2,26
517,4,subject_5,teacher_2_5_2,26
518,5,subject_1,teacher_2_1_2,26
519,5,subject_2,teacher_2_2_2,26
520,5,subject_3,teacher_2_3_2,26
521,5,subject_4,teacher_2_4_2,26
522,5,subject_5,teacher_2_5_2,26
523,3,subject_1,teacher_3_1_2,26
524,3,subject_2,teacher_3_2_2,26
525,3,subject_3,teacher_3_3_2,26
526,3,subject_4,teacher_3_4_2,26
527,3,subject_5,teacher_3_5_2,26
528,4,subject_1,teacher_3_1_2,26
529,4,subject_2,teacher_3_2_2,26
530,4,subject_3,teacher_3_3_2,26
531,4,subject_4,teacher_3_4_2,26
532,4,subject_5,teacher_3_5_2,26
533,5,subject_1,teacher_3_1_2,26
534,5,subject_2,teacher_3_2_2,26
535,5,subject_3,teacher_3_3_2,26
536,5,subject_4,teacher_3_4_2,26
537,5,subject_5,teacher_3_5_2,26
538,6,subject_1,teacher_1_1_3,24
539,6,subject_2,teacher_1_2_3,24
540,6,subject_3,teacher_1_3_3,24
541,6,subject_4,teacher_1_4_3,24
542,6,subject_5,teacher_1_5_3,24
543,7,subject_1,teacher_1_1_3,24
544,7,subject_2,teacher_1_2_3,24
545,7,subject_3,teacher_1_3_3,24
546,7,subject_4,teacher_1_4_3,24
547,7,subject_5,teacher_1_5_3,24
548,8,subject_1,teacher_1_1_3,24
549,8,subject_2,teacher_1_2_3,24
550,8,subject_3,teacher_1_3_3,24
551,8,subject_4,teacher_1_4_3,24
552,8,subject_5,teacher_1_5_3,24
553,9,subject_1,teacher_1_1_3,24
554,9,subject_2,teacher_1_2_3,24
555,9,subject_3,teacher_1_3_3,24
556,9,subject_4,teacher_1_4_3,24
557,9,subject_5,teacher_1_5_3,24
558,6,subject_1,teacher_2_1_3,24
559,6,subject_2,teacher_2_2_3,24
560,6,subject_3,teacher_2_3_3,24
561,6,subject_4,teacher_2_4_3,24
562,6,subject_5,teacher_2_5_3,24
563,7,subject_1,teacher_2_1_3,24
564,7,subject_2,teacher_2_2_3,24
565,7,subject_3,teacher_2_3_3,24
566,7,subject_4,teacher_2_4_3,24
567,7,subject_5,teacher_2_5_3,24
568,8,subject_1,teacher_2_1_3,24
569,8,subject_2,teacher_2_2_3,24
570,8,subject_3,teacher_2_3_3,24
571,8,subject_4,teacher_2_4_3,24
572,8,subject_5,teacher_2_5_3,24
573,9,subject_1,teacher_2_1_3,24
574,9,subject_2,teacher_2_2_3,24
575,9,subject_3,teacher_2_3_3,24
576,9,subject_4,teacher_2_4_3,24
577,9,subject_5,teacher_2_5_3,24
578,6,subject_1,teacher_3_1_3,24
579,6,subject_2,teacher_3_2_3,24
580,6,subject_3,teacher_3_3_3,24
581,6,subject_4,teacher_3_4_3,24
582,6,subject_5,teacher_3_5_3,24
583,7,subject_1,teacher_3_1_3,24
584,7,subject_2,teacher_3_2_3,24
585,7,subject_3,teacher_3_3_3,24
586,7,subject_4,teacher_3_4_3,24
587,7,subject_5,teacher_3_5_3,24
588,8,subject_1,teacher_3_1_3,24
589,8,subject_2,teacher_3_2_3,24
590,8,subject_3,teacher_3_3_3,24
591,8,subject_4,teacher_3_4_3,24
592,8,subject_5,teacher_3_5_3,24
593,9,subject_1,teacher_3_1_3,24
594,9,subject_2,teacher_3_2_3,24
595,9,subject_3,teacher_3_3_3,24
596,9,subject_4,teacher_3_4_3,24
597,1,subject_1,teacher_1_1_1,25
598,1,subject_2,teacher_1_2_1,25
599,1,subject_3,teacher_1_3_1,25
600,1,subject_4,teacher_1_4_1,25
601,1,subject_5,teacher_1_5_1,25
602,2,subject_1,teacher_1_1_1,25
603,2,subject_2,teacher_1_2_1,25
604,2,subject_3,teacher_1_3_1,25
605,2,subject_4,teacher_1_4_1,25
606,2,subject_5,teacher_1_5_1,25
607,3,subject_1,teacher_1_1_1,25
608,3,subject_2,teacher_1_2_1,25
609,3,subject_3,teacher_1_3_1,25
610,3,subject_4,teacher_1_4_1,25
611,3,subject_5,teacher_1_5_1,25
612,1,subject_1,teacher_2_1_1,25
613,1,subject_2,teacher_2_2_1,25
614,1,subject_3,teacher_2_3_1,25
615,1,subject_4,teacher_2_4_1,25
616,1,subject_5,teacher_2_5_1,25
617,2,subject_1,teacher_2_1_1,25
618,2,subject_2,teacher_2_2_1,25
619,2,subject_3,teacher_2_3_1,25
620,2,subject_4,teacher_2_4_1,25
621,2,subject_5,teacher_2_5_1,25
622,3,subject_1,teacher_2_1_1,25
623,3,subject_2,teacher_2_2_1,25
624,3,subject_3,teacher_2_3_1,25
625,3,subject_4,teacher_2_4_1,25
626,3,subject_5,teacher_2_5_1,25
627,1,subject_1,teacher_3_1_1,25
628,1,subject_2,teacher_3_2_1,25
629,1,subject_3,teacher_3_3_1,25
630,1,subject_4,teacher_3_4_1,25
631,1,subject_5,teacher_3_5_1,25
632,2,subject_1,teacher_3_1_1,25
633,2,subject_2,teacher_3_2_1,25
634,2,subject_3,teacher_3_3_1,25
635,2,subject_4,teacher_3_4_1,25
636,2,subject_5,teacher_3_5_1,25
637,3,subject_1,teacher_3_1_1,25
638,3,subject_2,teacher_3_2_1,25
639,3,subject_3,teacher_3_3_1,25
640,3,subject_4,teacher_3_4_1,25
641,3,subject_5,teacher_3_5_1,25
642,3,subject_1,teacher_1_1_2,26
643,3,subject_2,teacher_1_2_2,26
644,3,subject_3,teacher_1_3_2,26
645,3,subject_4,teacher_1_4_2,26
646,3,subject_5,teacher_1_5_2,26
647,4,subject_1,teacher_1_1_2,26
648,4,subject_2,teacher_1_2_2,26
649,4,subject_3,teacher_1_3_2,26
650,4,subject_4,teacher_1_4_2,26
651,4,subject_5,teacher_1_5_2,26
652,5,subject_1,teacher_1_1_2,26
653,5,subject_2,teacher_1_2_2,26
654,5,subject_3,teacher_1_3_2,26
655,5,subject_4,teacher_1_4_2,26
656,5,subject_5,teacher_1_5_2,26
657,3,subject_1,teacher_2_1_2,26
658,3,subject_2,teacher_2_2_2,26
659,3,subject_3,teacher_2_3_2,26
660,3,subject_4,teacher_2_4_2,26
661,3,subject_5,teacher_2_5_2,26
662,4,subject_1,teacher_2_1_2,26
663,4,subject_2,teacher_2_2_2,26
664,4,subject_3,teacher_2_3_2,26
665,4,subject_4,teacher_2_4_2,26
666,4,subject_5,teacher_2_5_2,26
667,5,subject_1,teacher_2_1_2,26
668,5,subject_2,teacher_2_2_2,26
669,5,subject_3,teacher_2_3_2,26
670,5,subject_4,teacher_2_4_2,26
671,5,subject_5,teacher_2_5_2,26
672,3,subject_1,teacher_3_1_2,26
673,3,subject_2,teacher_3_2_2,26
674,3,subject_3,teacher_3_3_2,26
675,3,subject_4,teacher_3_4_2,26
676,3,subject_5,teacher_3_5_2,26
677,4,subject_1,teacher_3_1_2,26
678,4,subject_2,teacher_3_2_2,26
679,4,subject_3,teacher_3_3_2,26
680,4,subject_4,teacher_3_4_2,26
681,4,subject_5,teacher_3_5_2,26
682,5,subject_1,teacher_3_1_2,26
683,5,subject_2,teacher_3_2_2,26
684,5,subject_3,teacher_3_3_2,26
685,5,subject_4,teacher_3_4_2,26
686,5,subject_5,teacher_3_5_2,26
687,6,subject_1,teacher_1_1_3,24
688,6,subject_2,teacher_1_2_3,24
689,6,subject_3,teacher_1_3_3,24
690,6,subject_4,teacher_1_4_3,24
691,6,subject_5,teacher_1_5_3,24
692,7,subject_1,teacher_1_1_3,24
693,7,subject_2,teacher_1_2_3,24
694,7,subject_3,teacher_1_3_3,24
695,7,subject_4,teacher_1_4_3,24
696,7,subject_5,teacher_1_5_3,24
697,8,subject_1,teacher_1_1_3,24
698,8,subject_2,teacher_1_2_3,24
699,8,subject_3,teacher_1_3_3,24
700,8,subject_4,teacher_1_4_3,24
701,8,subject_5,teacher_1_5_3,24
702,9,subject_1,teacher_1_1_3,24
703,9,subject_2,teacher_1_2_3,24
704,9,subject_3,teacher_1_3_3,24
705,9,subject_4,teacher_1_4_3,24
706,9,subject_5,teacher_1_5_3,24
707,6,subject_1,teacher_2_1_3,24
708,6,subject_2,teacher_2_2_3,24
709,6,subject_3,teacher_2_3_3,24
710,6,subject_4,teacher_2_4_3,24
711,6,subject_5,teacher_2_5_3,24
712,7,subject_1,teacher_2_1_3,24
713,7,subject_2,teacher_2_2_3,24
714,7,subject_3,teacher_2_3_3,24
715,7,subject_4,teacher_2_4_3,24
716,7,subject_5,teacher_2_5_3,24
717,8,subject_1,teacher_2_1_3,24
718,8,subject_2,teacher_2_2_3,24
719,8,subject_3,teacher_2_3_3,24
720,8,subject_4,teacher_2_4_3,24
721,8,subject_5,teacher_2_5_3,24
722,9,subject_1,teacher_2_1_3,24
723,9,subject_2,teacher_2_2_3,24
724,9,subject_3,teacher_2_3_3,24
725,9,subject_4,teacher_2_4_3,24
726,9,subject_5,teacher_2_5_3,24
727,6,subject_1,teacher_3_1_3,24
728,6,subject_2,teacher_3_2_3,24
729,6,subject_3,teacher_3_3_3,24
730,6,subject_4,teacher_3_4_3,24
731,6,subject_5,teacher_3_5_3,24
732,7,subject_1,teacher_3_1_3,24
733,7,subject_2,teacher_3_2_3,24
734,7,subject_3,teacher_3_3_3,24
735,7,subject_4,teacher_3_4_3,24
736,7,subject_5,teacher_3_5_3,24
737,8,subject_1,teacher_3_1_3,24
738,8,subject_2,teacher_3_2_3,24
739,8,subject_3,teacher_3_3_3,24
740,8,subject_4,teacher_3_4_3,24
741,8,subject_5,teacher_3_5_3,24
742,9,subject_1,teacher_3_1_3,24
743,9,subject_2,teacher_3_2_3,24
744,9,subject_3,teacher_3_3_3,24
745,9,subject_4,teacher_3_4_3,24
746,1,subject_1,teacher_1_1_1,25
747,1,subject_2,teacher_1_2_1,25
748,1,subject_3,teacher_1_3_1,25
749,1,subject_4,teacher_1_4_1,25
750,1,subject_5,teacher_1_5_1,25
751,2,subject_1,teacher_1_1_1,25
752,2,subject_2,teacher_1_2_1,25
753,2,subject_3,teacher_1_3_1,25
754,2,subject_4,teacher_1_4_1,25
755,2,subject_5,teacher_1_5_1,25
756,3,subject_1,teacher_1_1_1,25
757,3,subject_2,teacher_1_2_1,25
758,3,subject_3,teacher_1_3_1,25
759,3,subject_4,teacher_1_4_1,25
760,3,subject_5,teacher_1_5_1,25
761,1,subject_1,teacher_2_1_1,25
762,1,subject_2,teacher_2_2_1,25
763,1,subject_3,teacher_2_3_1,25
764,1,subject_4,teacher_2_4_1,25
765,1,subject_5,teacher_2_5_1,25
766,2,subject_1,teacher_2_1_1,25
767,2,subject_2,teacher_2_2_1,25
768,2,subject_3,teacher_2_3_1,25
769,2,subject_4,teacher_2_4_1,25
770,2,subject_5,teacher_2_5_1,25
771,3,subject_1,teacher_2_1_1,25
772,3,subject_2,teacher_2_2_1,25
773,3,subject_3,teacher_2_3_1,25
774,3,subject_4,teacher_2_4_1,25
775,3,subject_5,teacher_2_5_1,25
776,1,subject_1,teacher_3_1_1,25
777,1,subject_2,teacher_3_2_1,25
778,1,subject_3,teacher_3_3_1,25
779,1,subject_4,teacher_3_4_1,25
780,1,subject_5,teacher_3_5_1,25
781,2,subject_1,teacher_3_1_1,25
782,2,subject_2,teacher_3_2_1,25
783,2,subject_3,teacher_3_3_1,25
784,2,subject_4,teacher_3_4_1,25
785,2,subject_5,teacher_3_5_1,25
786,3,subject_1,teacher_3_1_1,25
787,3,subject_2,teacher_3_2_1,25
788,3,subject_3,teacher_3_3_1,25
789,3,subject_4,teacher_3_4_1,25
790,3,subject_5,teacher_3_5_1,25
791,3,subject_1,teacher_1_1_2,26
792,3,subject_2,teacher_1_2_2,26
793,3,subject_3,teacher_1_3_2,26
794,3,subject_4,teacher_1_4_2,26
795,3,subject_5,teacher_1_5_2,26
796,4,subject_1,teacher_1_1_2,26
797,4,subject_2,teacher_1_2_2,26
798,4,subject_3,teacher_1_3_2,26
799,4,subject_4,teacher_1_4_2,26
800,4,subject_5,teacher_1_5_2,26
801,5,subject_1,teacher_1_1_2,26
802,5,subject_2,teacher_1_2_2,26
803,5,subject_3,teacher_1_3_2,26
804,5,subject_4,teacher_1_4_2,26
805,5,subject_5,teacher_1_5_2,26
806,3,subject_1,teacher_2_1_2,26
807,3,subject_2,teacher_2_2_2,26
808,3,subject_3,teacher_2_3_2,26
809,3,subject_4,teacher_2_4_2,26
810,3,subject_5,teacher_2_5_2,26
811,4,subject_1,teacher_2_1_2,26
812,4,subject_2,teacher_2_2_2,26
813,4,subject_3,teacher_2_3_2,26
814,4,subject_4,teacher_2_4_2,26
815,4,subject_5,teacher_2_5_2,26
816,5,subject_1,teacher_2_1_2,26
817,5,subject_2,teacher_2_2_2,26
818,5,subject_3,teacher_2_3_2,26
819,5,subject_4,teacher_2_4_2,26
820,5,subject_5,teacher_2_5_2,26
821,3,subject_1,teacher_3_1_2,26
822,3,subject_2,teacher_3_2_2,26
823,3,subject_3,teacher_3_3_2,26
824,3,subject_4,teacher_3_4_2,26
825,3,subject_5,teacher_3_5_2,26
826,4,subject_1,teacher_3_1_2,26
827,4,subject_2,teacher_3_2_2,26
828,4,subject_3,teacher_3_3_2,26
829,4,subject_4,teacher_3_4_2,26
830,4,subject_5,teacher_3_5_2,26
831,5,subject_1,teacher_3_1_2,26
832,5,subject_2,teacher_3_2_2,26
833,5,subject_3,teacher_3_3_2,26
834,5,subject_4,teacher_3_4_2,26
835,5,subject_5,teacher_3_5_2,26
836,6,subject_1,teacher_1_1_3,24
837,6,subject_2,teacher_1_2_3,24
838,6,subject_3,teacher_1_3_3,24
839,6,subject_4,teacher_1_4_3,24
840,6,subject_5,teacher_1_5_3,24
841,7,subject_1,teacher_1_1_3,24
842,7,subject_2,teacher_1_2_3,24
843,7,subject_3,teacher_1_3_3,24
844,7,subject_4,teacher_1_4_3,24
845,7,subject_5,teacher_1_5_3,24
846,8,subject_1,teacher_1_1_3,24
847,8,subject_2,teacher_1_2_3,24
848,8,subject_3,teacher_1_3_3,24
849,8,subject_4,teacher_1_4_3,24
850,8,subject_5,teacher_1_5_3,24
851,9,subject_1,teacher_1_1_3,24
852,9,subject_2,teacher_1_2_3,24
853,9,subject_3,teacher_1_3_3,24
854,9,subject_4,teacher_1_4_3,24
855,9,subject_5,teacher_1_5_3,24
856,6,subject_1,teacher_2_1_3,24
857,6,subject_2,teacher_2_2_3,24
858,6,subject_3,teacher_2_3_3,24
859,6,subject_4,teacher_2_4_3,24
860,6,subject_5,teacher_2_5_3,24
861,7,subject_1,teacher_2_1_3,24
862,7,subject_2,teacher_2_2_3,24
863,7,subject_3,teacher_2_3_3,24
864,7,subject_4,teacher_2_4_3,24
865,7,subject_5,teacher_2_5_3,24
866,8,subject_1,teacher_2_1_3,24
867,8,subject_2,teacher_2_2_3,24
868,8,subject_3,teacher_2_3_3,24
869,8,subject_4,teacher_2_4_3,24
870,8,subject_5,teacher_2_5_3,24
871,9,subject_1,teacher_2_1_3,24
872,9,subject_2,teacher_2_2_3,24
873,9,subject_3,teacher_2_3_3,24
874,9,subject_4,teacher_2_4_3,24
875,9,subject_5,teacher_2_5_3,24
876,6,subject_1,teacher_3_1_3,24
877,6,subject_2,teacher_3_2_3,24
878,6,subject_3,teacher_3_3_3,24
879,6,subject_4,teacher_3_4_3,24
880,6,subject_5,teacher_3_5_3,24
881,7,subject_1,teacher_3_1_3,24
882,7,subject_2,teacher_3_2_3,24
883,7,subject_3,teacher_3_3_3,24
884,7,subject_4,teacher_3_4_3,24
885,7,subject_5,teacher_3_5_3,24
886,8,subject_1,teacher_3_1_3,24
887,8,subject_2,teacher_3_2_3,24
888,8,subject_3,teacher_3_3_3,24
889,8,subject_4,teacher_3_4_3,24
890,8,subject_5,teacher_3_5_3,24
891,9,subject_1,teacher_3_1_3,24
892,9,subject_2,teacher_3_2_3,24
893,9,subject_3,teacher_3_3_3,24
894,9,subject_4,teacher_3_4_3,24
895,1,subject_1,teacher_1_1_1,25
896,1,subject_2,teacher_1_2_1,25
897,1,subject_3,teacher_1_3_1,25
898,1,subject_4,teacher_1_4_1,25
899,1,subject_5,teacher_1_5_1,25
900,2,subject_1,teacher_1_1_1,25
901,2,subject_2,teacher_1_2_1,25
902,2,subject_3,teacher_1_3_1,25
903,2,subject_4,teacher_1_4_1,25
904,2,subject_5,teacher_1_5_1,25
905,3,subject_1,teacher_1_1_1,25
906,3,subject_2,teacher_1_2_1,25
907,3,subject_3,teacher_1_3_1,25
908,3,subject_4,teacher_1_4_1,25
909,3,subject_5,teacher_1_5_1,25
910,1,subject_1,teacher_2_1_1,25
911,1,subject_2,teacher_2_2_1,25
912,1,subject_3,teacher_2_3_1,25
913,1,subject_4,teacher_2_4_1,25
914,1,subject_5,teacher_2_5_1,25
915,2,subject_1,teacher_2_1_1,25
916,2,subject_2,teacher_2_2_1,25
917,2,subject_3,teacher_2_3_1,25
918,2,subject_4,teacher_2_4_1,25
919,2,subject_5,teacher_2_5_1,25
920,3,subject_1,teacher_2_1_1,25
921,3,subject_2,teacher_2_2_1,25
922,3,subject_3,teacher_2_3_1,25
923,3,subject_4,teacher_2_4_1,25
924,3,subject_5,teacher_2_5_1,25
925,1,subject_1,teacher_3_1_1,25
926,1,subject_2,teacher_3_2_1,25
927,1,subject_3,teacher_3_3_1,25
928,1,subject_4,teacher_3_4_1,25
929,1,subject_5,teacher_3_5_1,25
930,2,subject_1,teacher_3_1_1,25
931,2,subject_2,teacher_3_2_1,25
932,2,subject_3,teacher_3_3_1,25
933,2,subject_4,teacher_3_4_1,25
934,2,subject_5,teacher_3_5_1,25
935,3,subject_1,teacher_3_1_1,25
936,3,subject_2,teacher_3_2_1,25
937,3,subject_3,teacher_3_3_1,25
938,3,subject_4,teacher_3_4_1,25
939,3,subject_5,teacher_3_5_1,25
940,3,subject_1,teacher_1_1_2,26
941,3,subject_2,teacher_1_2_2,26
942,3,subject_3,teacher_1_3_2,26
943,3,subject_4,teacher_1_4_2,26
944,3,subject_5,teacher_1_5_2,26
945,4,subject_1,teacher_1_1_2,26
946,4,subject_2,teacher_1_2_2,26
947,4,subject_3,teacher_1_3_2,26
948,4,subject_4,teacher_1_4_2,26
949,4,subject_5,teacher_1_5_2,26
950,5,subject_1,teacher_1_1_2,26
951,5,subject_2,teacher_1_2_2,26
952,5,subject_3,teacher_1_3_2,26
953,5,subject_4,teacher_1_4_2,26
954,5,subject_5,teacher_1_5_2,26
955,3,subject_1,teacher_2_1_2,26
956,3,subject_2,teacher_2_2_2,26
957,3,subject_3,teacher_2_3_2,26
958,3,subject_4,teacher_2_4_2,26
959,3,subject_5,teacher_2_5_2,26
960,4,subject_1,teacher_2_1_2,26
961,4,subject_2,teacher_2_2_2,26
962,4,subject_3,teacher_2_3_2,26
963,4,subject_4,teacher_2_4_2,26
964,4,subject_5,teacher_2_5_2,26
965,5,subject_1,teacher_2_1_2,26
966,5,subject_2,teacher_2_2_2,26
967,5,subject_3,teacher_2_3_2,26
968,5,subject_4,teacher_2_4_2,26
969,5,subject_5,teacher_2_5_2,26
970,3,subject_1,teacher_3_1_2,26
971,3,subject_2,teacher_3_2_2,26
972,3,subject_3,teacher_3_3_2,26
973,3,subject_4,teacher_3_4_2,26
974,3,subject_5,teacher_3_5_2,26
975,4,subject_1,teacher_3_1_2,26
976,4,subject_2,teacher_3_2_2,26
977,4,subject_3,teacher_3_3_2,26
978,4,subject_4,teacher_3_4_2,26
979,4,subject_5,teacher_3_5_2,26
980,5,subject_1,teacher_3_1_2,26
981,5,subject_2,teacher_3_2_2,26
982,5,subject_3,teacher_3_3_2,26
983,5,subject_4,teacher_3_4_2,26
984,5,subject_5,teacher_3_5_2,26
985,6,subject_1,teacher_1_1_3,24
986,6,subject_2,teacher_1_2_3,24
987,6,subject_3,teacher_1_3_3,24
988,6,subject_4,teacher_1_4_3,24
989,6,subject_5,teacher_1_5_3,24
990,7,subject_1,teacher_1_1_3,24
991,7,subject_2,teacher_1_2_3,24
992,7,subject_3,teacher_1_3_3,24
993,7,subject_4,teacher_1_4_3,24
994,7,subject_5,teacher_1_5_3,24
995,8,subject_1,teacher_1_1_3,24
996,8,subject_2,teacher_1_2_3,24
997,8,subject_3,teacher_1_3_3,24
998,8,subject_4,teacher_1_4_3,24
999,8,subject_5,teacher_1_5_3,24
1000,9,subject_1,teacher_1_1_3,24
1001,9,subject_2,teacher_1_2_3,24
1002,9,subject_3,teacher_1_3_3,24
1003,9,subject_4,teacher_1_4_3,24
1004,9,subject_5,teacher_1_5_3,24
1005,6,subject_1,teacher_2_1_3,24
1006,6,subject_2,teacher_2_2_3,24
1007,6,subject_3,teacher_2_3_3,24
1008,6,subject_4,teacher_2_4_3,24
1009,6,subject_5,teacher_2_5_3,24
1010,7,subject_1,teacher_2_1_3,24
1011,7,subject_2,teacher_2_2_3,24
1012,7,subject_3,teacher_2_3_3,24
1013,7,subject_4,teacher_2_4_3,24
1014,7,subject_5,teacher_2_5_3,24
1015,8,subject_1,teacher_2_1_3,24
1016,8,subject_2,teacher_2_2_3,24
1017,8,subject_3,teacher_2_3_3,24
1018,8,subject_4,teacher_2_4_3,24
1019,8,subject_5,teacher_2_5_3,24
1020,9,subject_1,teacher_2_1_3,24
1021,9,subject_2,teacher_2_2_3,24
1022,9,subject_3,teacher_2_3_3,24
1023,9,subject_4,teacher_2_4_3,24
1024,9,subject_5,teacher_2_5_3,24
1025,6,subject_1,teacher_3_1_3,24
1026,6,subject_2,teacher_3_2_3,24
1027,6,subject_3,teacher_3_3_3,24
1028,6,subject_4,teacher_3_4_3,24
1029,6,subject_5,teacher_3_5_3,24
1030,7,subject_1,teacher_3_1_3,24
1031,7,subject_2,teacher_3_2_3,24
1032,7,subject_3,teacher_3_3_3,24
1033,7,subject_4,teacher_3_4_3,24
1034,7,subject_5,teacher_3_5_3,24
1035,8,subject_1,teacher_3_1_3,24
1036,8,subject_2,teacher_3_2_3,24
1037,8,subject_3,teacher_3_3_3,24
1038,8,subject_4,teacher_3_4_3,24
1039,8,subject_5,teacher_3_5_3,24
1040,9,subject_1,teacher_3_1_3,24
1041,9,subject_2,teacher_3_2_3,24
1042,9,subject_3,teacher_3_3_3,24
1043,9,subject_4,teacher_3_4_3,24
1044,1,subject_1,teacher_1_1_1,25
1045,1,subject_2,teacher_1_2_1,25
1046,1,subject_3,teacher_1_3_1,25
1047,1,subject_4,teacher_1_4_1,25
1048,1,subject_5,teacher_1_5_1,25
1049,2,subject_1,teacher_1_1_1,25
1050,2,subject_2,teacher_1_2_1,25
1051,2,subject_3,teacher_1_3_1,25
1052,2,subject_4,teacher_1_4_1,25
1053,2,subject_5,teacher_1_5_1,25
1054,3,subject_1,teacher_1_1_1,25
1055,3,subject_2,teacher_1_2_1,25
1056,3,subject_3,teacher_1_3_1,25
1057,3,subject_4,teacher_1_4_1,25
1058,3,subject_5,teacher_1_5_1,25
1059,1,subject_1,teacher_2_1_1,25
1060,1,subject_2,teacher_2_2_1,25
1061,1,subject_3,teacher_2_3_1,25
1062,1,subject_4,teacher_2_4_1,25
1063,1,subject_5,teacher_2_5_1,25
1064,2,subject_1,teacher_2_1_1,25
1065,2,subject_2,teacher_2_2_1,25
1066,2,subject_3,teacher_2_3_1,25
1067,2,subject_4,teacher_2_4_1,25
1068,2,subject_5,teacher_2_5_1,25
1069,3,subject_1,teacher_2_1_1,25
1070,3,subject_2,teacher_2_2_1,25
1071,3,subject_3,teacher_2_3_1,25
1072,3,subject_4,teacher_2_4_1,25
1073,3,subject_5,teacher_2_5_1,25
1074,1,subject_1,teacher_3_1_1,25
1075,1,subject_2,teacher_3_2_1,25
1076,1,subject_3,teacher_3_3_1,25
1077,1,subject_4,teacher_3_4_1,25
1078,1,subject_5,teacher_3_5_1,25
1079,2,subject_1,teacher_3_1_1,25
1080,2,subject_2,teacher_3_2_1,25
1081,2,subject_3,teacher_3_3_1,25
1082,2,subject_4,teacher_3_4_1,25
1083,2,subject_5,teacher_3_5_1,25
1084,3,subject_1,teacher_3_1_1,25
1085,3,subject_2,teacher_3_2_1,25
1086,3,subject_3,teacher_3_3_1,25
1087,3,subject_4,teacher_3_4_1,25
1088,3,subject_5,teacher_3_5_1,25
1089,3,subject_1,teacher_1_1_2,26
1090,3,subject_2,teacher_1_2_2,26
1091,3,subject_3,teacher_1_3_2,26
1092,3,subject_4,teacher_1_4_2,26
1093,3,subject_5,teacher_1_5_2,26
1094,4,subject_1,teacher_1_1_2,26
1095,4,subject_2,teacher_1_2_2,26
1096,4,subject_3,teacher_1_3_2,26
1097,4,subject_4,teacher_1_4_2,26
1098,4,subject_5,teacher_1_5_2,26
1099,5,subject_1,teacher_1_1_2,26
1100,5,subject_2,teacher_1_2_2,26
1101,5,subject_3,teacher_1_3_2,26
1102,5,subject_4,teacher_1_4_2,26
1103,5,subject_5,teacher_1_5_2,26
1104,3,subject_1,teacher_2_1_2,26
1105,3,subject_2,teacher_2_2_2,26
1106,3,subject_3,teacher_2_3_2,26
1107,3,subject_4,teacher_2_4_2,26
1108,3,subject_5,teacher_2_5_2,26
1109,4,subject_1,teacher_2_1_2,26
1110,4,subject_2,teacher_2_2_2,26
1111,4,subject_3,teacher_2_3_2,26
1112,4,subject_4,teacher_2_4_2,26
1113,4,subject_5,teacher_2_5_2,26
1114,5,subject_1,teacher_2_1_2,26
1115,5,subject_2,teacher_2_2_2,26
1116,5,subject_3,teacher_2_3_2,26
1117,5,subject_4,teacher_2_4_2,26
1118,5,subject_5,teacher_2_5_2,26
1119,3,subject_1,teacher_3_1_2,26
1120,3,subject_2,teacher_3_2_2,26
1121,3,subject_3,teacher_3_3_2,26
1122,3,subject_4,teacher_3_4_2,26
1123,3,subject_5,teacher_3_5_2,26
1124,4,subject_1,teacher_3_1_2,26
1125,4,subject_2,teacher_3_2_2,26
1126,4,subject_3,teacher_3_3_2,26
1127,4,subject_4,teacher_3_4_2,26
1128,4,subject_5,teacher_3_5_2,26
1129,5,subject_1,teacher_3_1_2,26
1130,5,subject_2,teacher_3_2_2,26
1131,5,subject_3,teacher_3_3_2,26
1132,5,subject_4,teacher_3_4_2,26
1133,5,subject_5,teacher_3_5_2,26
1134,6,subject_1,teacher_1_1_3,24
1135,6,subject_2,teacher_1_2_3,24
1136,6,subject_3,teacher_1_3_3,24
1137,6,subject_4,teacher_1_4_3,24
1138,6,subject_5,teacher_1_5_3,24
1139,7,subject_1,teacher_1_1_3,24
1140,7,subject_2,teacher_1_2_3,24
1141,7,subject_3,teacher_1_3_3,24
1142,7,subject_4,teacher_1_4_3,24
1143,7,subject_5,teacher_1_5_3,24
1144,8,subject_1,teacher_1_1_3,24
1145,8,subject_2,teacher_1_2_3,24
1146,8,subject_3,teacher_1_3_3,24
1147,8,subject_4,teacher_1_4_3,24
1148,8,subject_5,teacher_1_5_3,24
1149,9,subject_1,teacher_1_1_3,24
1150,9,subject_2,teacher_1_2_3,24
1151,9,subject_3,teacher_1_3_3,24
1152,9,subject_4,teacher_1_4_3,24
1153,9,subject_5,teacher_1_5_3,24
1154,6,subject_1,teacher_2_1_3,24
1155,6,subject_2,teacher_2_2_3,24
1156,6,subject_3,teacher_2_3_3,24
1157,6,subject_4,teacher_2_4_3,24
1158,6,subject_5,teacher_2_5_3,24
1159,7,subject_1,teacher_2_1_3,24
1160,7,subject_2,teacher_2_2_3,24
1161,7,subject_3,teacher_2_3_3,24
1162,7,subject_4,teacher_2_4_3,24
1163,7,subject_5,teacher_2_5_3,24
1164,8,subject_1,teacher_2_1_3,24
1165,8,subject_2,teacher_2_2_3,24
1166,8,subject_3,teacher_2_3_3,24
1167,8,subject_4,teacher_2_4_3,24
1168,8,subject_5,teacher_2_5_3,24
1169,9,subject_1,teacher_2_1_3,24
1170,9,subject_2,teacher_2_2_3,24
1171,9,subject_3,teacher_2_3_3,24
1172,9,subject_4,teacher_2_4_3,24
1173,9,subject_5,teacher_2_5_3,24
1174,6,subject_1,teacher_3_1_3,24
1175,6,subject_2,teacher_3_2_3,24
1176,6,subject_3,teacher_3_3_3,24
1177,6,subject_4,teacher_3_4_3,24
1178,6,subject_5,teacher_3_5_3,24
1179,7,subject_1,teacher_3_1_3,24
1180,7,subject_2,teacher_3_2_3,24
1181,7,subject_3,teacher_3_3_3,24
1182,7,subject_4,teacher_3_4_3,24
1183,7,subject_5,teacher_3_5_3,24
1184,8,subject_1,teacher_3_1_3,24
1185,8,subject_2,teacher_3_2_3,24
1186,8,subject_3,teacher_3_3_3,24
1187,8,subject_4,teacher_3_4_3,24
1188,8,subject_5,teacher_3_5_3,24
1189,9,subject_1,teacher_3_1_3,24
1190,9,subject_2,teacher_3_2_3,24
1191,9,subject_3,teacher_3_3_3,24
1192,9,subject_4,teacher_3_4_3,24
